corpus	method	level	cluster	algorithmic_label	role	work_id	title	verdict	tier	supported_count	supported_criteria
included	tfidf	macro	M01	icl / scales / induction heads	medoid	w_47f0ccb3e2ec3eac	Beyond Induction Heads: In-Context Meta Learning Induces Multi-Phase Circuit Emergence	INCLUDE	TIER_2	2	SCALING,CRITICALITY
included	tfidf	macro	M01	icl / scales / induction heads	boundary	w_6d9aedbcf0365751	How Does Unfaithful Reasoning Emerge from Autoregressive Training? A Study of Synthetic Experiments	INCLUDE	TIER_2	2	SCALING,CRITICALITY
included	tfidf	macro	M01	icl / scales / induction heads	strongest	w_8af770f5f86d5ac0	Distinct mechanisms underlying in-context learning in transformers	INCLUDE	TIER_1	3	SCALING,CRITICALITY,NOVEL_BASIS
included	tfidf	macro	M02	phase transitions / order parameter / escape	medoid	w_9db7d6568bb89686	Grokking as a First Order Phase Transition in Two Layer Networks	INCLUDE	TIER_2	2	SCALING,CRITICALITY
included	tfidf	macro	M02	phase transitions / order parameter / escape	boundary	w_01e15d37549ba1fc	Latent Algorithmic Structure Precedes Grokking: A Mechanistic Study of ReLU MLPs on Modular Arithmetic	INCLUDE	TIER_2	2	SCALING,NOVEL_BASIS
included	tfidf	macro	M02	phase transitions / order parameter / escape	strongest	w_811a8cd021958e82	Deep Networks Always Grok and Here is Why	INCLUDE	TIER_2	3	SCALING,CRITICALITY,NOVEL_BASIS
included	tfidf	macro	M03	weight-decay / weight / fourier	medoid	w_35bf58ca4093d76e	Grokking and epoch-wise double descent in quantum neural networks	INCLUDE	TIER_2	3	SCALING,COMPRESSION,CRITICALITY
included	tfidf	macro	M03	weight-decay / weight / fourier	boundary	w_c05624cc0be4c2cb	A jamming transition from under- to over-parametrization affects generalization in deep learning	INCLUDE	TIER_2	2	SCALING,CRITICALITY
included	tfidf	macro	M03	weight-decay / weight / fourier	strongest	w_f3172e652cebe4b6	Progress Measures for Grokking via Mechanistic Interpretability	INCLUDE	TIER_1	4	SCALING,CRITICALITY,COMPRESSION,NOVEL_BASIS
included	tfidf	macro	M04	abstract / systems / attention computation	medoid	w_e93a08062ac7d030	How Transformers Learn Causal Structure with Gradient Descent	INCLUDE	TIER_2	2	SCALING,NOVEL_BASIS
included	tfidf	macro	M04	abstract / systems / attention computation	boundary	w_0c85822618800428	Predictive learning as a network mechanism for extracting low-dimensional latent space representations	INCLUDE	TIER_1	3	SCALING,COMPRESSION,NOVEL_BASIS
included	tfidf	macro	M04	abstract / systems / attention computation	strongest	w_d27b97e00fa37f8b	Prediction horizon shapes representations in predictive learning	INCLUDE	TIER_2	3	SCALING,COMPRESSION,NOVEL_BASIS
included	tfidf	macro	M05	spatial / recurrent / sequential	medoid	w_cbbadc97bc1c553c	Hippocampal representations emerge when training recurrent neural networks on a memory dependent maze navigation task	INCLUDE	TIER_2	2	SCALING,NOVEL_BASIS
included	tfidf	macro	M05	spatial / recurrent / sequential	boundary	w_92e78fbf258ed40a	Assign and Add: A Mechanistic Study of Compositional Arithmetic	INCLUDE	TIER_2	2	SCALING,NOVEL_BASIS
included	tfidf	macro	M05	spatial / recurrent / sequential	strongest	w_38e23f5995c71d9b	Spatial reasoning via recurrent neural dynamics in mouse retrosplenial cortex	INCLUDE	TIER_2	3	SCALING,COMPRESSION,NOVEL_BASIS
included	tfidf	macro	M06	avalanche / homeostatic / hardware	medoid	w_d18730b289f06c03	Critical dynamics in homeostatic memory networks	INCLUDE	TIER_2	2	SCALING,CRITICALITY
included	tfidf	macro	M06	avalanche / homeostatic / hardware	boundary	w_6ffbda57ab6a27ae	Optimal reinforcement learning near the edge of a synchronization transition	INCLUDE	TIER_2	2	SCALING,CRITICALITY
included	tfidf	macro	M06	avalanche / homeostatic / hardware	strongest	w_d18730b289f06c03	Critical dynamics in homeostatic memory networks	INCLUDE	TIER_2	2	SCALING,CRITICALITY
included	tfidf	subcluster	S01	icl / induction heads / conditional	medoid	w_0308d55890a5b9c6	On the Emergence of Induction Heads for In-Context Learning	INCLUDE	TIER_2	2	SCALING,CRITICALITY
included	tfidf	subcluster	S01	icl / induction heads / conditional	boundary	w_a6027fec6ac3ab9a	Differential learning kinetics govern the transition from memorization to generalization during in-context learning	INCLUDE	TIER_2	2	SCALING,CRITICALITY
included	tfidf	subcluster	S01	icl / induction heads / conditional	strongest	w_8af770f5f86d5ac0	Distinct mechanisms underlying in-context learning in transformers	INCLUDE	TIER_1	3	SCALING,CRITICALITY,NOVEL_BASIS
included	tfidf	subcluster	S02	capability / concept / knowledge	medoid	w_7642d8c74152ab9f	Attention-Head Binding as a Term-Conditioned Mechanistic Marker of Accessibility Concept Emergence in Language Models	INCLUDE	TIER_2	2	SCALING,CRITICALITY
included	tfidf	subcluster	S02	capability / concept / knowledge	boundary	w_6d9aedbcf0365751	How Does Unfaithful Reasoning Emerge from Autoregressive Training? A Study of Synthetic Experiments	INCLUDE	TIER_2	2	SCALING,CRITICALITY
included	tfidf	subcluster	S02	capability / concept / knowledge	strongest	w_7642d8c74152ab9f	Attention-Head Binding as a Term-Conditioned Mechanistic Marker of Accessibility Concept Emergence in Language Models	INCLUDE	TIER_2	2	SCALING,CRITICALITY
included	tfidf	subcluster	S03	order parameters / internal order / order	medoid	w_9db7d6568bb89686	Grokking as a First Order Phase Transition in Two Layer Networks	INCLUDE	TIER_2	2	SCALING,CRITICALITY
included	tfidf	subcluster	S03	order parameters / internal order / order	boundary	w_dff3d1da5e63f8e0	Phase Transitions in Attention: A Bayesian Theory of Copy Head Emergence	INCLUDE	TIER_2	2	SCALING,CRITICALITY
included	tfidf	subcluster	S03	order parameters / internal order / order	strongest	w_9db7d6568bb89686	Grokking as a First Order Phase Transition in Two Layer Networks	INCLUDE	TIER_2	2	SCALING,CRITICALITY
included	tfidf	subcluster	S04	trainability / encoded / deep neural	medoid	w_811a8cd021958e82	Deep Networks Always Grok and Here is Why	INCLUDE	TIER_2	3	SCALING,CRITICALITY,NOVEL_BASIS
included	tfidf	subcluster	S04	trainability / encoded / deep neural	boundary	w_01e15d37549ba1fc	Latent Algorithmic Structure Precedes Grokking: A Mechanistic Study of ReLU MLPs on Modular Arithmetic	INCLUDE	TIER_2	2	SCALING,NOVEL_BASIS
included	tfidf	subcluster	S04	trainability / encoded / deep neural	strongest	w_811a8cd021958e82	Deep Networks Always Grok and Here is Why	INCLUDE	TIER_2	3	SCALING,CRITICALITY,NOVEL_BASIS
included	tfidf	subcluster	S05	bottleneck / remains / remains sufficient	medoid	w_cddfb17d263e3744	Explaining Grokking and Information Bottleneck through Neural Collapse Emergence	INCLUDE	TIER_2	2	SCALING,COMPRESSION
included	tfidf	subcluster	S05	bottleneck / remains / remains sufficient	boundary	w_b19041cd869bacfa	Post-Grokking Collapse at the Representation-Readout Interface in Muon-Trained Transformers	INCLUDE	TIER_2	2	SCALING,COMPRESSION
included	tfidf	subcluster	S05	bottleneck / remains / remains sufficient	strongest	w_cddfb17d263e3744	Explaining Grokking and Information Bottleneck through Neural Collapse Emergence	INCLUDE	TIER_2	2	SCALING,COMPRESSION
included	tfidf	subcluster	S06	modular addition / fourier / sparse fourier	medoid	w_35bf58ca4093d76e	Grokking and epoch-wise double descent in quantum neural networks	INCLUDE	TIER_2	3	SCALING,COMPRESSION,CRITICALITY
included	tfidf	subcluster	S06	modular addition / fourier / sparse fourier	boundary	w_c05624cc0be4c2cb	A jamming transition from under- to over-parametrization affects generalization in deep learning	INCLUDE	TIER_2	2	SCALING,CRITICALITY
included	tfidf	subcluster	S06	modular addition / fourier / sparse fourier	strongest	w_f3172e652cebe4b6	Progress Measures for Grokking via Mechanistic Interpretability	INCLUDE	TIER_1	4	SCALING,CRITICALITY,COMPRESSION,NOVEL_BASIS
included	tfidf	subcluster	S07	low-rank / interventions / grokking	medoid	w_9f65ba32c1a08d74	Low-Dimensional and Transversely Curved Optimization Dynamics in Grokking	INCLUDE	TIER_2	2	SCALING,CRITICALITY
included	tfidf	subcluster	S07	low-rank / interventions / grokking	boundary	w_63db75cd5e03c2b8	Bridging Lottery Ticket and Grokking: Understanding Grokking from Inner Structure of Networks	INCLUDE	TIER_1	3	SCALING,CRITICALITY,NOVEL_BASIS
included	tfidf	subcluster	S07	low-rank / interventions / grokking	strongest	w_63db75cd5e03c2b8	Bridging Lottery Ticket and Grokking: Understanding Grokking from Inner Structure of Networks	INCLUDE	TIER_1	3	SCALING,CRITICALITY,NOVEL_BASIS
included	tfidf	subcluster	S08	generalization regimes / decay controls / weight decay	medoid	w_f05eeedb3d84fbb7	The Geometry of Multi-Task Grokking: Transverse Instability, Superposition, and Weight Decay Phase Structure	INCLUDE	TIER_2	2	SCALING,CRITICALITY
included	tfidf	subcluster	S08	generalization regimes / decay controls / weight decay	boundary	w_f05eeedb3d84fbb7	The Geometry of Multi-Task Grokking: Transverse Instability, Superposition, and Weight Decay Phase Structure	INCLUDE	TIER_2	2	SCALING,CRITICALITY
included	tfidf	subcluster	S08	generalization regimes / decay controls / weight decay	strongest	w_f05eeedb3d84fbb7	The Geometry of Multi-Task Grokking: Transverse Instability, Superposition, and Weight Decay Phase Structure	INCLUDE	TIER_2	2	SCALING,CRITICALITY
included	tfidf	subcluster	S09	abstract / reusable / abstraction	medoid	w_cb00fb1bab7f3b7f	Emergent Symbolic Mechanisms Support Abstract Reasoning in Large Language Models	INCLUDE	TIER_1	3	COMPRESSION,NOVEL_BASIS,GENERALISATION
included	tfidf	subcluster	S09	abstract / reusable / abstraction	boundary	w_a68de8b27948098c	Emergence and Function of Abstract Representations in Self-Supervised Transformers	INCLUDE	TIER_2	2	COMPRESSION,NOVEL_BASIS
included	tfidf	subcluster	S09	abstract / reusable / abstraction	strongest	w_cb00fb1bab7f3b7f	Emergent Symbolic Mechanisms Support Abstract Reasoning in Large Language Models	INCLUDE	TIER_1	3	COMPRESSION,NOVEL_BASIS,GENERALISATION
included	tfidf	subcluster	S10	graph / gradient / inference	medoid	w_e93a08062ac7d030	How Transformers Learn Causal Structure with Gradient Descent	INCLUDE	TIER_2	2	SCALING,NOVEL_BASIS
included	tfidf	subcluster	S10	graph / gradient / inference	boundary	w_e93a08062ac7d030	How Transformers Learn Causal Structure with Gradient Descent	INCLUDE	TIER_2	2	SCALING,NOVEL_BASIS
included	tfidf	subcluster	S10	graph / gradient / inference	strongest	w_e93a08062ac7d030	How Transformers Learn Causal Structure with Gradient Descent	INCLUDE	TIER_2	2	SCALING,NOVEL_BASIS
included	tfidf	subcluster	S11	systems / dynamical systems / dynamical-system	medoid	w_f94f564014be4c25	A Mechanistic Analysis of Transformers for Dynamical Systems	INCLUDE	TIER_2	2	SCALING,COMPRESSION
included	tfidf	subcluster	S11	systems / dynamical systems / dynamical-system	boundary	w_29ea95f17f21c7ac	Transformers for dynamical systems learn transfer operators in-context	INCLUDE	TIER_2	2	NOVEL_BASIS,GENERALISATION
included	tfidf	subcluster	S11	systems / dynamical systems / dynamical-system	strongest	w_d27b97e00fa37f8b	Prediction horizon shapes representations in predictive learning	INCLUDE	TIER_2	3	SCALING,COMPRESSION,NOVEL_BASIS
included	tfidf	subcluster	S12	spatial / hippocampal / allocentric	medoid	w_87462cebc24e3c1e	From movement to cognitive maps: recurrent neural networks reveal how locomotor development shapes hippocampal spatial coding	INCLUDE	TIER_2	2	SCALING,NOVEL_BASIS
included	tfidf	subcluster	S12	spatial / hippocampal / allocentric	boundary	w_63d2efb7962dd788	Evolving reservoir computers reveal bidirectional coupling between predictive power and emergent dynamics	INCLUDE	TIER_2	2	SCALING,COMPRESSION
included	tfidf	subcluster	S12	spatial / hippocampal / allocentric	strongest	w_38e23f5995c71d9b	Spatial reasoning via recurrent neural dynamics in mouse retrosplenial cortex	INCLUDE	TIER_2	3	SCALING,COMPRESSION,NOVEL_BASIS
included	tfidf	subcluster	S13	fixed-point / constants / time constants	medoid	w_5cfae990f2e4ea0e	Multiple-Timescale Neural Networks: Generation of History-Dependent Sequences and Inference Through Autonomous Bifurcations	INCLUDE	TIER_2	2	SCALING,NOVEL_BASIS
included	tfidf	subcluster	S13	fixed-point / constants / time constants	boundary	w_92e78fbf258ed40a	Assign and Add: A Mechanistic Study of Compositional Arithmetic	INCLUDE	TIER_2	2	SCALING,NOVEL_BASIS
included	tfidf	subcluster	S13	fixed-point / constants / time constants	strongest	w_5cfae990f2e4ea0e	Multiple-Timescale Neural Networks: Generation of History-Dependent Sequences and Inference Through Autonomous Bifurcations	INCLUDE	TIER_2	2	SCALING,NOVEL_BASIS
included	tfidf	subcluster	S14	hardware / external / autocorrelation	medoid	w_679c49d202c94f8e	Control of criticality and computation in spiking neuromorphic networks with plasticity	INCLUDE	TIER_2	2	SCALING,CRITICALITY
included	tfidf	subcluster	S14	hardware / external / autocorrelation	boundary	w_6ffbda57ab6a27ae	Optimal reinforcement learning near the edge of a synchronization transition	INCLUDE	TIER_2	2	SCALING,CRITICALITY
included	tfidf	subcluster	S14	hardware / external / autocorrelation	strongest	w_679c49d202c94f8e	Control of criticality and computation in spiking neuromorphic networks with plasticity	INCLUDE	TIER_2	2	SCALING,CRITICALITY
included	tfidf	subcluster	S15	critical dynamics / internal regime / associative retrieval	medoid	w_3a9d20d4ea381a66	Critical dynamics in associative memory networks	INCLUDE	TIER_2	2	SCALING,CRITICALITY
included	tfidf	subcluster	S15	critical dynamics / internal regime / associative retrieval	boundary	w_d18730b289f06c03	Critical dynamics in homeostatic memory networks	INCLUDE	TIER_2	2	SCALING,CRITICALITY
included	tfidf	subcluster	S15	critical dynamics / internal regime / associative retrieval	strongest	w_3a9d20d4ea381a66	Critical dynamics in associative memory networks	INCLUDE	TIER_2	2	SCALING,CRITICALITY
included	semantic	macro	M01	avalanche / spiking / coupling	medoid	w_5cfae990f2e4ea0e	Multiple-Timescale Neural Networks: Generation of History-Dependent Sequences and Inference Through Autonomous Bifurcations	INCLUDE	TIER_2	2	SCALING,NOVEL_BASIS
included	semantic	macro	M01	avalanche / spiking / coupling	boundary	w_ab07437d78318352	Emergence of functional and structural properties of the head direction system by optimization of recurrent neural networks	INCLUDE	TIER_2	2	SCALING,NOVEL_BASIS
included	semantic	macro	M01	avalanche / spiking / coupling	strongest	w_5cfae990f2e4ea0e	Multiple-Timescale Neural Networks: Generation of History-Dependent Sequences and Inference Through Autonomous Bifurcations	INCLUDE	TIER_2	2	SCALING,NOVEL_BASIS
included	semantic	macro	M02	spatial / allocentric / coding	medoid	w_e1dd76d318faa330	Predictive sequence learning in the hippocampal formation	INCLUDE	TIER_2	3	SCALING,COMPRESSION,NOVEL_BASIS
included	semantic	macro	M02	spatial / allocentric / coding	boundary	w_d27b97e00fa37f8b	Prediction horizon shapes representations in predictive learning	INCLUDE	TIER_2	3	SCALING,COMPRESSION,NOVEL_BASIS
included	semantic	macro	M02	spatial / allocentric / coding	strongest	w_e1dd76d318faa330	Predictive sequence learning in the hippocampal formation	INCLUDE	TIER_2	3	SCALING,COMPRESSION,NOVEL_BASIS
included	semantic	macro	M03	icl / ablation / scales	medoid	w_0308d55890a5b9c6	On the Emergence of Induction Heads for In-Context Learning	INCLUDE	TIER_2	2	SCALING,CRITICALITY
included	semantic	macro	M03	icl / ablation / scales	boundary	w_848983c423304f71	Emergence and Effectiveness of Task Vectors in In-Context Learning: An Encoder Decoder Perspective	INCLUDE	TIER_2	2	SCALING,COMPRESSION
included	semantic	macro	M03	icl / ablation / scales	strongest	w_8af770f5f86d5ac0	Distinct mechanisms underlying in-context learning in transformers	INCLUDE	TIER_1	3	SCALING,CRITICALITY,NOVEL_BASIS
included	semantic	macro	M04	systems / attention computation / graph	medoid	w_e93a08062ac7d030	How Transformers Learn Causal Structure with Gradient Descent	INCLUDE	TIER_2	2	SCALING,NOVEL_BASIS
included	semantic	macro	M04	systems / attention computation / graph	boundary	w_f94f564014be4c25	A Mechanistic Analysis of Transformers for Dynamical Systems	INCLUDE	TIER_2	2	SCALING,COMPRESSION
included	semantic	macro	M04	systems / attention computation / graph	strongest	w_e93a08062ac7d030	How Transformers Learn Causal Structure with Gradient Descent	INCLUDE	TIER_2	2	SCALING,NOVEL_BASIS
included	semantic	macro	M05	weight / arithmetic / grokking	medoid	w_f3172e652cebe4b6	Progress Measures for Grokking via Mechanistic Interpretability	INCLUDE	TIER_1	4	SCALING,CRITICALITY,COMPRESSION,NOVEL_BASIS
included	semantic	macro	M05	weight / arithmetic / grokking	boundary	w_92e78fbf258ed40a	Assign and Add: A Mechanistic Study of Compositional Arithmetic	INCLUDE	TIER_2	2	SCALING,NOVEL_BASIS
included	semantic	macro	M05	weight / arithmetic / grokking	strongest	w_f3172e652cebe4b6	Progress Measures for Grokking via Mechanistic Interpretability	INCLUDE	TIER_1	4	SCALING,CRITICALITY,COMPRESSION,NOVEL_BASIS
included	semantic	macro	M06	phase transitions / sampling / datasets	medoid	w_811a8cd021958e82	Deep Networks Always Grok and Here is Why	INCLUDE	TIER_2	3	SCALING,CRITICALITY,NOVEL_BASIS
included	semantic	macro	M06	phase transitions / sampling / datasets	boundary	w_a68de8b27948098c	Emergence and Function of Abstract Representations in Self-Supervised Transformers	INCLUDE	TIER_2	2	COMPRESSION,NOVEL_BASIS
included	semantic	macro	M06	phase transitions / sampling / datasets	strongest	w_811a8cd021958e82	Deep Networks Always Grok and Here is Why	INCLUDE	TIER_2	3	SCALING,CRITICALITY,NOVEL_BASIS
included	semantic	subcluster	S01	spiking / hardware / external	medoid	w_6fc4c4ab9c9916f7	Hysteresis, neural avalanches, and critical behavior near a first-order transition of a spiking neural network	INCLUDE	TIER_2	2	SCALING,CRITICALITY
included	semantic	subcluster	S01	spiking / hardware / external	boundary	w_5c54f66764cf4f97	Temporal hierarchy in spiking neural networks	INCLUDE	TIER_2	2	SCALING,NOVEL_BASIS
included	semantic	subcluster	S01	spiking / hardware / external	strongest	w_6fc4c4ab9c9916f7	Hysteresis, neural avalanches, and critical behavior near a first-order transition of a spiking neural network	INCLUDE	TIER_2	2	SCALING,CRITICALITY
included	semantic	subcluster	S02	timescales / memory / critical dynamics	medoid	w_3a9d20d4ea381a66	Critical dynamics in associative memory networks	INCLUDE	TIER_2	2	SCALING,CRITICALITY
included	semantic	subcluster	S02	timescales / memory / critical dynamics	boundary	w_27f0a0911b68ee3a	Gradient-based learning drives robust representations in recurrent neural networks by balancing compression and expansion	INCLUDE	TIER_2	2	SCALING,COMPRESSION
included	semantic	subcluster	S02	timescales / memory / critical dynamics	strongest	w_3a9d20d4ea381a66	Critical dynamics in associative memory networks	INCLUDE	TIER_2	2	SCALING,CRITICALITY
included	semantic	subcluster	S03	ring / optimization / reusable	medoid	w_0ff86e6a31e1d145	Balancing Stability and Flow in Hippocampal Networks via Inductive Bias and Learned Symmetry Breaking	INCLUDE	TIER_2	2	SCALING,NOVEL_BASIS
included	semantic	subcluster	S03	ring / optimization / reusable	boundary	w_0ff86e6a31e1d145	Balancing Stability and Flow in Hippocampal Networks via Inductive Bias and Learned Symmetry Breaking	INCLUDE	TIER_2	2	SCALING,NOVEL_BASIS
included	semantic	subcluster	S03	ring / optimization / reusable	strongest	w_0ff86e6a31e1d145	Balancing Stability and Flow in Hippocampal Networks via Inductive Bias and Learned Symmetry Breaking	INCLUDE	TIER_2	2	SCALING,NOVEL_BASIS
included	semantic	subcluster	S04	allocentric / egocentric / spatial	medoid	w_e1dd76d318faa330	Predictive sequence learning in the hippocampal formation	INCLUDE	TIER_2	3	SCALING,COMPRESSION,NOVEL_BASIS
included	semantic	subcluster	S04	allocentric / egocentric / spatial	boundary	w_cf357442f5aa7893	Predictive pursuit emerges in high-dimensional recurrent neural networks	INCLUDE	TIER_2	2	SCALING,NOVEL_BASIS
included	semantic	subcluster	S04	allocentric / egocentric / spatial	strongest	w_e1dd76d318faa330	Predictive sequence learning in the hippocampal formation	INCLUDE	TIER_2	3	SCALING,COMPRESSION,NOVEL_BASIS
included	semantic	subcluster	S05	observations / action / representations predictive	medoid	w_0c85822618800428	Predictive learning as a network mechanism for extracting low-dimensional latent space representations	INCLUDE	TIER_1	3	SCALING,COMPRESSION,NOVEL_BASIS
included	semantic	subcluster	S05	observations / action / representations predictive	boundary	w_3144bdd83cd17ac0	Automated construction of cognitive maps with visual predictive coding	INCLUDE	TIER_2	2	COMPRESSION,NOVEL_BASIS
included	semantic	subcluster	S05	observations / action / representations predictive	strongest	w_0c85822618800428	Predictive learning as a network mechanism for extracting low-dimensional latent space representations	INCLUDE	TIER_1	3	SCALING,COMPRESSION,NOVEL_BASIS
included	semantic	subcluster	S06	synthetic / capability / concept	medoid	w_7478c4587d99ea18	Unveiling Transformers with LEGO: a synthetic reasoning task	INCLUDE	TIER_2	3	SCALING,NOVEL_BASIS,GENERALISATION
included	semantic	subcluster	S06	synthetic / capability / concept	boundary	w_83ff2605b95d13cd	How Do LLMs Acquire New Knowledge? A Knowledge Circuits Perspective on Continual Pre-Training	INCLUDE	TIER_2	2	SCALING,CRITICALITY
included	semantic	subcluster	S06	synthetic / capability / concept	strongest	w_7478c4587d99ea18	Unveiling Transformers with LEGO: a synthetic reasoning task	INCLUDE	TIER_2	3	SCALING,NOVEL_BASIS,GENERALISATION
included	semantic	subcluster	S07	diversity / subcircuits / induction head	medoid	w_7afa59979906b85f	What Needs to Go Right for an Induction Head? A Mechanistic Study of In-Context Learning Circuits and Their Formation	INCLUDE	TIER_2	2	SCALING,CRITICALITY
included	semantic	subcluster	S07	diversity / subcircuits / induction head	boundary	w_a6027fec6ac3ab9a	Differential learning kinetics govern the transition from memorization to generalization during in-context learning	INCLUDE	TIER_2	2	SCALING,CRITICALITY
included	semantic	subcluster	S07	diversity / subcircuits / induction head	strongest	w_8af770f5f86d5ac0	Distinct mechanisms underlying in-context learning in transformers	INCLUDE	TIER_1	3	SCALING,CRITICALITY,NOVEL_BASIS
included	semantic	subcluster	S08	compact task / vector / icl	medoid	w_848983c423304f71	Emergence and Effectiveness of Task Vectors in In-Context Learning: An Encoder Decoder Perspective	INCLUDE	TIER_2	2	SCALING,COMPRESSION
included	semantic	subcluster	S08	compact task / vector / icl	boundary	w_b1b2841abfaf8ef2	Which Attention Heads Matter for In-Context Learning?	INCLUDE	TIER_2	2	SCALING,COMPRESSION
included	semantic	subcluster	S08	compact task / vector / icl	strongest	w_848983c423304f71	Emergence and Effectiveness of Task Vectors in In-Context Learning: An Encoder Decoder Perspective	INCLUDE	TIER_2	2	SCALING,COMPRESSION
included	semantic	subcluster	S09	systems / attention computation / graph	medoid	w_e93a08062ac7d030	How Transformers Learn Causal Structure with Gradient Descent	INCLUDE	TIER_2	2	SCALING,NOVEL_BASIS
included	semantic	subcluster	S09	systems / attention computation / graph	boundary	w_f94f564014be4c25	A Mechanistic Analysis of Transformers for Dynamical Systems	INCLUDE	TIER_2	2	SCALING,COMPRESSION
included	semantic	subcluster	S09	systems / attention computation / graph	strongest	w_e93a08062ac7d030	How Transformers Learn Causal Structure with Gradient Descent	INCLUDE	TIER_2	2	SCALING,NOVEL_BASIS
included	semantic	subcluster	S10	post-grokking / replicated / transverse	medoid	w_c0722915b2be1f88	How to Tame Grokking: Representation Geometry as a Control Signal	INCLUDE	TIER_1	3	SCALING,COMPRESSION,CRITICALITY
included	semantic	subcluster	S10	post-grokking / replicated / transverse	boundary	w_b19041cd869bacfa	Post-Grokking Collapse at the Representation-Readout Interface in Muon-Trained Transformers	INCLUDE	TIER_2	2	SCALING,COMPRESSION
included	semantic	subcluster	S10	post-grokking / replicated / transverse	strongest	w_c0722915b2be1f88	How to Tame Grokking: Representation Geometry as a Control Signal	INCLUDE	TIER_1	3	SCALING,COMPRESSION,CRITICALITY
included	semantic	subcluster	S11	modular-addition / fourier / frequencies	medoid	w_f3172e652cebe4b6	Progress Measures for Grokking via Mechanistic Interpretability	INCLUDE	TIER_1	4	SCALING,CRITICALITY,COMPRESSION,NOVEL_BASIS
included	semantic	subcluster	S11	modular-addition / fourier / frequencies	boundary	w_01e15d37549ba1fc	Latent Algorithmic Structure Precedes Grokking: A Mechanistic Study of ReLU MLPs on Modular Arithmetic	INCLUDE	TIER_2	2	SCALING,NOVEL_BASIS
included	semantic	subcluster	S11	modular-addition / fourier / frequencies	strongest	w_f3172e652cebe4b6	Progress Measures for Grokking via Mechanistic Interpretability	INCLUDE	TIER_1	4	SCALING,CRITICALITY,COMPRESSION,NOVEL_BASIS
included	semantic	subcluster	S12	sampling / softmax / softmax attention	medoid	w_dff3d1da5e63f8e0	Phase Transitions in Attention: A Bayesian Theory of Copy Head Emergence	INCLUDE	TIER_2	2	SCALING,CRITICALITY
included	semantic	subcluster	S12	sampling / softmax / softmax attention	boundary	w_a6ec62ef7863cd72	Emergence of Foveal Image Sampling from Learning to Attend in Visual Scenes	INCLUDE	TIER_2	2	COMPRESSION,NOVEL_BASIS
included	semantic	subcluster	S12	sampling / softmax / softmax attention	strongest	w_dff3d1da5e63f8e0	Phase Transitions in Attention: A Bayesian Theory of Copy Head Emergence	INCLUDE	TIER_2	2	SCALING,CRITICALITY
included	semantic	subcluster	S13	bottleneck / retaining / nuisance	medoid	w_4ea8cb6a3b5fed46	Emergent Generalization by Representation Learning in Artificial Neural Networks	INCLUDE	TIER_2	2	SCALING,COMPRESSION
included	semantic	subcluster	S13	bottleneck / retaining / nuisance	boundary	w_a68de8b27948098c	Emergence and Function of Abstract Representations in Self-Supervised Transformers	INCLUDE	TIER_2	2	COMPRESSION,NOVEL_BASIS
included	semantic	subcluster	S13	bottleneck / retaining / nuisance	strongest	w_67833e8bc8bb92f5	Redundant representations help generalization in wide neural networks * , †	INCLUDE	TIER_2	3	SCALING,COMPRESSION,CRITICALITY
included	semantic	subcluster	S14	hessian / trainability / deep neural	medoid	w_811a8cd021958e82	Deep Networks Always Grok and Here is Why	INCLUDE	TIER_2	3	SCALING,CRITICALITY,NOVEL_BASIS
included	semantic	subcluster	S14	hessian / trainability / deep neural	boundary	w_8c5442dfb760aae0	Spectral phase transitions and trainability in neural network learning dynamics	INCLUDE	TIER_2	2	SCALING,CRITICALITY
included	semantic	subcluster	S14	hessian / trainability / deep neural	strongest	w_811a8cd021958e82	Deep Networks Always Grok and Here is Why	INCLUDE	TIER_2	3	SCALING,CRITICALITY,NOVEL_BASIS
included	semantic	subcluster	S15	quantum / rapid internal / stability	medoid	w_35bf58ca4093d76e	Grokking and epoch-wise double descent in quantum neural networks	INCLUDE	TIER_2	3	SCALING,COMPRESSION,CRITICALITY
included	semantic	subcluster	S15	quantum / rapid internal / stability	boundary	w_8a9381903c1dcd61	Grokking as an entanglement transition in tensor network machine learning	INCLUDE	TIER_2	2	SCALING,CRITICALITY
included	semantic	subcluster	S15	quantum / rapid internal / stability	strongest	w_35bf58ca4093d76e	Grokking and epoch-wise double descent in quantum neural networks	INCLUDE	TIER_2	3	SCALING,COMPRESSION,CRITICALITY
audited	tfidf	macro	M01	grokking / grokking neural / generalization	medoid	w_dbd268417dd9318a	The Complexity Dynamics of Grokking	EXCLUDE	TIER_3	0	
audited	tfidf	macro	M01	grokking / grokking neural / generalization	boundary	w_7ff07b360090f82a	Is Grokking Worthwhile? Functional Analysis and Transferability of Generalization Circuits in Transformers	EXCLUDE	TIER_3	0	
audited	tfidf	macro	M01	grokking / grokking neural / generalization	strongest	w_63db75cd5e03c2b8	Bridging Lottery Ticket and Grokking: Understanding Grokking from Inner Structure of Networks	INCLUDE	TIER_1	3	SCALING,CRITICALITY,NOVEL_BASIS
audited	tfidf	macro	M02	quantum / linear regions / post-grokking	medoid	w_35bf58ca4093d76e	Grokking and epoch-wise double descent in quantum neural networks	INCLUDE	TIER_2	3	SCALING,COMPRESSION,CRITICALITY
audited	tfidf	macro	M02	quantum / linear regions / post-grokking	boundary	w_78af69834e46633e	Trait-space Monitoring for Emergent Misalignment During Supervised Finetuning	EXCLUDE	TIER_3	0	
audited	tfidf	macro	M02	quantum / linear regions / post-grokking	strongest	w_f3172e652cebe4b6	Progress Measures for Grokking via Mechanistic Interpretability	INCLUDE	TIER_1	4	SCALING,CRITICALITY,COMPRESSION,NOVEL_BASIS
audited	tfidf	macro	M03	scale-free / avalanche / autocorrelation	medoid	w_679c49d202c94f8e	Control of criticality and computation in spiking neuromorphic networks with plasticity	INCLUDE	TIER_2	2	SCALING,CRITICALITY
audited	tfidf	macro	M03	scale-free / avalanche / autocorrelation	boundary	w_6ffbda57ab6a27ae	Optimal reinforcement learning near the edge of a synchronization transition	INCLUDE	TIER_2	2	SCALING,CRITICALITY
audited	tfidf	macro	M03	scale-free / avalanche / autocorrelation	strongest	w_679c49d202c94f8e	Control of criticality and computation in spiking neuromorphic networks with plasticity	INCLUDE	TIER_2	2	SCALING,CRITICALITY
audited	tfidf	macro	M04	predictive / allocentric / place	medoid	w_0c85822618800428	Predictive learning as a network mechanism for extracting low-dimensional latent space representations	INCLUDE	TIER_1	3	SCALING,COMPRESSION,NOVEL_BASIS
audited	tfidf	macro	M04	predictive / allocentric / place	boundary	w_dcf16633f7a33b13	Emergent Entrainment and Predictive Dynamics in Bio-Inspired Spiking Neural Networks	EXCLUDE	TIER_3	0	
audited	tfidf	macro	M04	predictive / allocentric / place	strongest	w_0c85822618800428	Predictive learning as a network mechanism for extracting low-dimensional latent space representations	INCLUDE	TIER_1	3	SCALING,COMPRESSION,NOVEL_BASIS
audited	tfidf	macro	M05	recurrent neural / hebbian / recurrent	medoid	w_ca22559e045ae009	Recurrent neural network models for working memory of continuous variables: activity manifolds, connectivity patterns, and dynamic codes	EXCLUDE	TIER_3	1	SCALING
audited	tfidf	macro	M05	recurrent neural / hebbian / recurrent	boundary	w_5c54f66764cf4f97	Temporal hierarchy in spiking neural networks	INCLUDE	TIER_2	2	SCALING,NOVEL_BASIS
audited	tfidf	macro	M05	recurrent neural / hebbian / recurrent	strongest	w_38e23f5995c71d9b	Spatial reasoning via recurrent neural dynamics in mouse retrosplenial cortex	INCLUDE	TIER_2	3	SCALING,COMPRESSION,NOVEL_BASIS
audited	tfidf	macro	M06	icl / in-context / in-context icl	medoid	w_b1b2841abfaf8ef2	Which Attention Heads Matter for In-Context Learning?	INCLUDE	TIER_2	2	SCALING,COMPRESSION
audited	tfidf	macro	M06	icl / in-context / in-context icl	boundary	w_b9374a286a73fd88	Layer Specialization Underlying Compositional Reasoning in Transformers	EXCLUDE	TIER_3	0	
audited	tfidf	macro	M06	icl / in-context / in-context icl	strongest	w_8af770f5f86d5ac0	Distinct mechanisms underlying in-context learning in transformers	INCLUDE	TIER_1	3	SCALING,CRITICALITY,NOVEL_BASIS
audited	tfidf	macro	M07	misalignment / persona / fine-tuning	medoid	w_69468026d902ba92	An Emergent Mirage: Is Emergent Misalignment and Realignment Indeed a Robust Phenomenon?	EXCLUDE	TIER_3	0	
audited	tfidf	macro	M07	misalignment / persona / fine-tuning	boundary	w_24c53f7838cefa65	Intrinsic Guardrails: How Semantic Geometry of Personality Interacts with Emergent Misalignment in LLMs	EXCLUDE	TIER_3	0	
audited	tfidf	macro	M07	misalignment / persona / fine-tuning	strongest	w_8e2c23b49bc4d436	Actionable Activation Directions for Detecting and Mitigating Emergent Misalignment Across Language Model Families	EXCLUDE	TIER_3	1	COMPRESSION
audited	tfidf	macro	M08	reasoning types / implicit reasoning / transformers implicit	medoid	w_5230ec460b7adaac	Grokked Transformers are Implicit Reasoners: A Mechanistic Journey to the Edge of Generalization	EXCLUDE	TIER_3	1	SCALING
audited	tfidf	macro	M08	reasoning types / implicit reasoning / transformers implicit	boundary	w_5230ec460b7adaac	Grokked Transformers are Implicit Reasoners: A Mechanistic Journey to the Edge of Generalization	EXCLUDE	TIER_3	1	SCALING
audited	tfidf	macro	M08	reasoning types / implicit reasoning / transformers implicit	strongest	w_5230ec460b7adaac	Grokked Transformers are Implicit Reasoners: A Mechanistic Journey to the Edge of Generalization	EXCLUDE	TIER_3	1	SCALING
audited	tfidf	macro	M09	world representations / world / saes	medoid	w_afd5289886580185	Emergent World Representations in OpenVLA	EXCLUDE	TIER_3	0	
audited	tfidf	macro	M09	world representations / world / saes	boundary	w_ed2497928c30d699	Anchored Intrinsic Coordinates for Grokking: Curvature, Predictive Reducibility, and Boundary Cases	EXCLUDE		0	
audited	tfidf	macro	M09	world representations / world / saes	strongest	w_dee1d8642fb8ec4d	Linear Latent World Models in Simple Transformers: A Case Study on Othello-GPT	EXCLUDE	TIER_3	1	COMPRESSION
audited	tfidf	macro	M10	language / pre-trained / reasoning	medoid	w_a9cb982ac7d47107	Revealing Algorithmic Deductive Circuits for Logical Reasoning	EXCLUDE	TIER_3	1	COMPRESSION
audited	tfidf	macro	M10	language / pre-trained / reasoning	boundary	w_7636520e4c22ae54	Grokking in the Wild: Data Augmentation for Real-World Multi-Hop Reasoning with Transformers	EXCLUDE	TIER_3	0	
audited	tfidf	macro	M10	language / pre-trained / reasoning	strongest	w_cb00fb1bab7f3b7f	Emergent Symbolic Mechanisms Support Abstract Reasoning in Large Language Models	INCLUDE	TIER_1	3	COMPRESSION,NOVEL_BASIS,GENERALISATION
audited	tfidf	subcluster	S01	optimization dynamics / commutator / decay phase	medoid	w_f05eeedb3d84fbb7	The Geometry of Multi-Task Grokking: Transverse Instability, Superposition, and Weight Decay Phase Structure	INCLUDE	TIER_2	2	SCALING,CRITICALITY
audited	tfidf	subcluster	S01	optimization dynamics / commutator / decay phase	boundary	w_f5760f8154c234f6	Mechanistic Insights into Grokking from the Embedding Layer	EXCLUDE	TIER_3	0	
audited	tfidf	subcluster	S01	optimization dynamics / commutator / decay phase	strongest	w_f05eeedb3d84fbb7	The Geometry of Multi-Task Grokking: Transverse Instability, Superposition, and Weight Decay Phase Structure	INCLUDE	TIER_2	2	SCALING,CRITICALITY
audited	tfidf	subcluster	S02	understand grokking / transition neural / long overfitting	medoid	w_dbd268417dd9318a	The Complexity Dynamics of Grokking	EXCLUDE	TIER_3	0	
audited	tfidf	subcluster	S02	understand grokking / transition neural / long overfitting	boundary	w_28c10566bff3c19f	Language Models Grow Less Humanlike beyond Phase Transition	EXCLUDE	TIER_3	1	SCALING
audited	tfidf	subcluster	S02	understand grokking / transition neural / long overfitting	strongest	w_a124ea491b1e38a3	Spectral Entropy Collapse as a Phase Transition in Delayed Generalisation: An Interventional and Predictive Framework for Grokkin	INCLUDE	TIER_2	2	SCALING,COMPRESSION
audited	tfidf	subcluster	S03	grokking neural / grokking / minimization	medoid	w_00352f2c07e55403	Deep Grokking: Would Deep Neural Networks Generalize Better?	EXCLUDE	TIER_3	0	
audited	tfidf	subcluster	S03	grokking neural / grokking / minimization	boundary	w_7ff07b360090f82a	Is Grokking Worthwhile? Functional Analysis and Transferability of Generalization Circuits in Transformers	EXCLUDE	TIER_3	0	
audited	tfidf	subcluster	S03	grokking neural / grokking / minimization	strongest	w_63db75cd5e03c2b8	Bridging Lottery Ticket and Grokking: Understanding Grokking from Inner Structure of Networks	INCLUDE	TIER_1	3	SCALING,CRITICALITY,NOVEL_BASIS
audited	tfidf	subcluster	S04	quantum / order parameter / error	medoid	w_9db7d6568bb89686	Grokking as a First Order Phase Transition in Two Layer Networks	INCLUDE	TIER_2	2	SCALING,CRITICALITY
audited	tfidf	subcluster	S04	quantum / order parameter / error	boundary	w_6d9aedbcf0365751	How Does Unfaithful Reasoning Emerge from Autoregressive Training? A Study of Synthetic Experiments	INCLUDE	TIER_2	2	SCALING,CRITICALITY
audited	tfidf	subcluster	S04	quantum / order parameter / error	strongest	w_67833e8bc8bb92f5	Redundant representations help generalization in wide neural networks * , †	INCLUDE	TIER_2	3	SCALING,COMPRESSION,CRITICALITY
audited	tfidf	subcluster	S05	linear regions / representation quality / linear	medoid	w_f3172e652cebe4b6	Progress Measures for Grokking via Mechanistic Interpretability	INCLUDE	TIER_1	4	SCALING,CRITICALITY,COMPRESSION,NOVEL_BASIS
audited	tfidf	subcluster	S05	linear regions / representation quality / linear	boundary	w_78af69834e46633e	Trait-space Monitoring for Emergent Misalignment During Supervised Finetuning	EXCLUDE	TIER_3	0	
audited	tfidf	subcluster	S05	linear regions / representation quality / linear	strongest	w_f3172e652cebe4b6	Progress Measures for Grokking via Mechanistic Interpretability	INCLUDE	TIER_1	4	SCALING,CRITICALITY,COMPRESSION,NOVEL_BASIS
audited	tfidf	subcluster	S06	scale-free / avalanche / autocorrelation	medoid	w_679c49d202c94f8e	Control of criticality and computation in spiking neuromorphic networks with plasticity	INCLUDE	TIER_2	2	SCALING,CRITICALITY
audited	tfidf	subcluster	S06	scale-free / avalanche / autocorrelation	boundary	w_6ffbda57ab6a27ae	Optimal reinforcement learning near the edge of a synchronization transition	INCLUDE	TIER_2	2	SCALING,CRITICALITY
audited	tfidf	subcluster	S06	scale-free / avalanche / autocorrelation	strongest	w_679c49d202c94f8e	Control of criticality and computation in spiking neuromorphic networks with plasticity	INCLUDE	TIER_2	2	SCALING,CRITICALITY
audited	tfidf	subcluster	S07	place / hippocampal / place cells	medoid	w_5362be8fefcfa6c2	When and Where: A Model Hippocampal Network Unifies Formation of Time Cells and Place Cells	INCLUDE	TIER_2	2	SCALING,NOVEL_BASIS
audited	tfidf	subcluster	S07	place / hippocampal / place cells	boundary	w_0ff86e6a31e1d145	Balancing Stability and Flow in Hippocampal Networks via Inductive Bias and Learned Symmetry Breaking	INCLUDE	TIER_2	2	SCALING,NOVEL_BASIS
audited	tfidf	subcluster	S07	place / hippocampal / place cells	strongest	w_e1dd76d318faa330	Predictive sequence learning in the hippocampal formation	INCLUDE	TIER_2	3	SCALING,COMPRESSION,NOVEL_BASIS
audited	tfidf	subcluster	S08	predictive / dynamical systems / decentralized	medoid	w_0c85822618800428	Predictive learning as a network mechanism for extracting low-dimensional latent space representations	INCLUDE	TIER_1	3	SCALING,COMPRESSION,NOVEL_BASIS
audited	tfidf	subcluster	S08	predictive / dynamical systems / decentralized	boundary	w_cf357442f5aa7893	Predictive pursuit emerges in high-dimensional recurrent neural networks	INCLUDE	TIER_2	2	SCALING,NOVEL_BASIS
audited	tfidf	subcluster	S08	predictive / dynamical systems / decentralized	strongest	w_0c85822618800428	Predictive learning as a network mechanism for extracting low-dimensional latent space representations	INCLUDE	TIER_1	3	SCALING,COMPRESSION,NOVEL_BASIS
audited	tfidf	subcluster	S09	artificial agents / plumes / virtual	medoid	w_4dbf08f598cd567b	Emergent behavior and neural dynamics in artificial agents tracking turbulent plumes	EXCLUDE	TIER_3	0	
audited	tfidf	subcluster	S09	artificial agents / plumes / virtual	boundary	w_4dbf08f598cd567b	Emergent behavior and neural dynamics in artificial agents tracking turbulent plumes	EXCLUDE	TIER_3	0	
audited	tfidf	subcluster	S09	artificial agents / plumes / virtual	strongest	w_4dbf08f598cd567b	Emergent behavior and neural dynamics in artificial agents tracking turbulent plumes	EXCLUDE	TIER_3	0	
audited	tfidf	subcluster	S10	recurrent neural / recurrent / cognitive tasks	medoid	w_f1324a7120d5d1bd	Emergence of grid-like representations by training recurrent neural networks to perform spatial localization	EXCLUDE	TIER_3	0	
audited	tfidf	subcluster	S10	recurrent neural / recurrent / cognitive tasks	boundary	w_38e23f5995c71d9b	Spatial reasoning via recurrent neural dynamics in mouse retrosplenial cortex	INCLUDE	TIER_2	3	SCALING,COMPRESSION,NOVEL_BASIS
audited	tfidf	subcluster	S10	recurrent neural / recurrent / cognitive tasks	strongest	w_38e23f5995c71d9b	Spatial reasoning via recurrent neural dynamics in mouse retrosplenial cortex	INCLUDE	TIER_2	3	SCALING,COMPRESSION,NOVEL_BASIS
audited	tfidf	subcluster	S11	hebbian / structure artificial / constants	medoid	w_34505df745b929e9	Random noise promotes slow heterogeneous synaptic dynamics important for robust working memory computation	INCLUDE	TIER_2	2	SCALING,NOVEL_BASIS
audited	tfidf	subcluster	S11	hebbian / structure artificial / constants	boundary	w_13098e9f9412a76e	Emergence and reconfiguration of modular structure for artificial neural networks during continual familiarity detection	EXCLUDE		0	
audited	tfidf	subcluster	S11	hebbian / structure artificial / constants	strongest	w_34505df745b929e9	Random noise promotes slow heterogeneous synaptic dynamics important for robust working memory computation	INCLUDE	TIER_2	2	SCALING,NOVEL_BASIS
audited	tfidf	subcluster	S12	function vectors / function vector / function-vector	medoid	w_39ca6ff1e5e8821c	Function Vectors in Large Language Models	EXCLUDE	TIER_3	1	COMPRESSION
audited	tfidf	subcluster	S12	function vectors / function vector / function-vector	boundary	w_b1b2841abfaf8ef2	Which Attention Heads Matter for In-Context Learning?	INCLUDE	TIER_2	2	SCALING,COMPRESSION
audited	tfidf	subcluster	S12	function vectors / function vector / function-vector	strongest	w_b1b2841abfaf8ef2	Which Attention Heads Matter for In-Context Learning?	INCLUDE	TIER_2	2	SCALING,COMPRESSION
audited	tfidf	subcluster	S13	in-context icl / icl / in-context	medoid	w_7ced2a0538a6bf26	A Bayesian Perspective on the Role of Epistemic Uncertainty for Delayed Generalization in In-Context Learning	EXCLUDE	TIER_3	0	
audited	tfidf	subcluster	S13	in-context icl / icl / in-context	boundary	w_848983c423304f71	Emergence and Effectiveness of Task Vectors in In-Context Learning: An Encoder Decoder Perspective	INCLUDE	TIER_2	2	SCALING,COMPRESSION
audited	tfidf	subcluster	S13	in-context icl / icl / in-context	strongest	w_848983c423304f71	Emergence and Effectiveness of Task Vectors in In-Context Learning: An Encoder Decoder Perspective	INCLUDE	TIER_2	2	SCALING,COMPRESSION
audited	tfidf	subcluster	S14	diversity / task diversity / subcircuits	medoid	w_7afa59979906b85f	What Needs to Go Right for an Induction Head? A Mechanistic Study of In-Context Learning Circuits and Their Formation	INCLUDE	TIER_2	2	SCALING,CRITICALITY
audited	tfidf	subcluster	S14	diversity / task diversity / subcircuits	boundary	w_92e74bd4c6d552b0	Pretraining task diversity and the emergence of non-Bayesian in-context learning for regression	EXCLUDE	TIER_3	0	
audited	tfidf	subcluster	S14	diversity / task diversity / subcircuits	strongest	w_8af770f5f86d5ac0	Distinct mechanisms underlying in-context learning in transformers	INCLUDE	TIER_1	3	SCALING,CRITICALITY,NOVEL_BASIS
audited	tfidf	subcluster	S15	misalignment / persona / fine-tuning	medoid	w_69468026d902ba92	An Emergent Mirage: Is Emergent Misalignment and Realignment Indeed a Robust Phenomenon?	EXCLUDE	TIER_3	0	
audited	tfidf	subcluster	S15	misalignment / persona / fine-tuning	boundary	w_24c53f7838cefa65	Intrinsic Guardrails: How Semantic Geometry of Personality Interacts with Emergent Misalignment in LLMs	EXCLUDE	TIER_3	0	
audited	tfidf	subcluster	S15	misalignment / persona / fine-tuning	strongest	w_8e2c23b49bc4d436	Actionable Activation Directions for Detecting and Mitigating Emergent Misalignment Across Language Model Families	EXCLUDE	TIER_3	1	COMPRESSION
audited	tfidf	subcluster	S16	reasoning types / implicit reasoning / transformers implicit	medoid	w_5230ec460b7adaac	Grokked Transformers are Implicit Reasoners: A Mechanistic Journey to the Edge of Generalization	EXCLUDE	TIER_3	1	SCALING
audited	tfidf	subcluster	S16	reasoning types / implicit reasoning / transformers implicit	boundary	w_5230ec460b7adaac	Grokked Transformers are Implicit Reasoners: A Mechanistic Journey to the Edge of Generalization	EXCLUDE	TIER_3	1	SCALING
audited	tfidf	subcluster	S16	reasoning types / implicit reasoning / transformers implicit	strongest	w_5230ec460b7adaac	Grokked Transformers are Implicit Reasoners: A Mechanistic Journey to the Edge of Generalization	EXCLUDE	TIER_3	1	SCALING
audited	tfidf	subcluster	S17	sparse autoencoders / saes / autoencoders	medoid	w_3e38a37eef49442d	Emergence and Evolution of Interpretable Concepts in Diffusion Models	EXCLUDE	TIER_3	0	
audited	tfidf	subcluster	S17	sparse autoencoders / saes / autoencoders	boundary	w_47bf4f8fc88f3cb8	Emergent World Beliefs: Exploring Transformers in Stochastic Games	EXCLUDE	TIER_3	0	
audited	tfidf	subcluster	S17	sparse autoencoders / saes / autoencoders	strongest	w_0f0102a18c705ec7	Interpreting Emergent Features in Deep Learning-based Side-channel Analysis	EXCLUDE	TIER_3	1	SCALING
audited	tfidf	subcluster	S18	world / world simple / world representations	medoid	w_dee1d8642fb8ec4d	Linear Latent World Models in Simple Transformers: A Case Study on Othello-GPT	EXCLUDE	TIER_3	1	COMPRESSION
audited	tfidf	subcluster	S18	world / world simple / world representations	boundary	w_abf120cd18b386a4	Transformers Use Causal World Models in Maze-Solving Tasks	EXCLUDE	TIER_3	1	COMPRESSION
audited	tfidf	subcluster	S18	world / world simple / world representations	strongest	w_dee1d8642fb8ec4d	Linear Latent World Models in Simple Transformers: A Case Study on Othello-GPT	EXCLUDE	TIER_3	1	COMPRESSION
audited	tfidf	subcluster	S19	rlvr / dynamics large / large language	medoid	w_c4c37ad693a0f63e	Triple Phase Transitions: Understanding the Learning Dynamics of Large Language Models from a Neuroscience Perspective	EXCLUDE	TIER_3	1	SCALING
audited	tfidf	subcluster	S19	rlvr / dynamics large / large language	boundary	w_308c48dc4aaa9e3f	Emergent modularity in large language models: Insights from aphasia simulations	EXCLUDE	TIER_3	0	
audited	tfidf	subcluster	S19	rlvr / dynamics large / large language	strongest	w_c4c37ad693a0f63e	Triple Phase Transitions: Understanding the Learning Dynamics of Large Language Models from a Neuroscience Perspective	EXCLUDE	TIER_3	1	SCALING
audited	tfidf	subcluster	S20	grounding / attention / compositional generalization	medoid	w_7478c4587d99ea18	Unveiling Transformers with LEGO: a synthetic reasoning task	INCLUDE	TIER_2	3	SCALING,NOVEL_BASIS,GENERALISATION
audited	tfidf	subcluster	S20	grounding / attention / compositional generalization	boundary	w_c630442fbffca0c4	Not Emergent by Accident: The Implicit Global Workspace as a Consequence of Transformer Optimization	EXCLUDE		0	
audited	tfidf	subcluster	S20	grounding / attention / compositional generalization	strongest	w_7478c4587d99ea18	Unveiling Transformers with LEGO: a synthetic reasoning task	INCLUDE	TIER_2	3	SCALING,NOVEL_BASIS,GENERALISATION
audited	tfidf	subcluster	S21	conceptual / lms / mathematics	medoid	w_3f4213b6cde6e5f0	Reasoning Circuits in Language Models: A Mechanistic Interpretation of Syllogistic Inference	EXCLUDE	TIER_3	1	COMPRESSION
audited	tfidf	subcluster	S21	conceptual / lms / mathematics	boundary	w_33b529766cc60dd2	What One Cannot, Two Can: Two-Layer Transformers Provably Represent Induction Heads on Any-Order Markov Chains	INCLUDE	TIER_2	2	COMPRESSION,SCALING
audited	tfidf	subcluster	S21	conceptual / lms / mathematics	strongest	w_a68de8b27948098c	Emergence and Function of Abstract Representations in Self-Supervised Transformers	INCLUDE	TIER_2	2	COMPRESSION,NOVEL_BASIS
audited	tfidf	subcluster	S22	hydra / hydra effect / remain poorly	medoid	w_125db4c2cf79214e	The Geometry of Thought: How Scale Restructures Reasoning In Large Language Models	EXCLUDE	TIER_3	1	SCALING
audited	tfidf	subcluster	S22	hydra / hydra effect / remain poorly	boundary	w_7636520e4c22ae54	Grokking in the Wild: Data Augmentation for Real-World Multi-Hop Reasoning with Transformers	EXCLUDE	TIER_3	0	
audited	tfidf	subcluster	S22	hydra / hydra effect / remain poorly	strongest	w_125db4c2cf79214e	The Geometry of Thought: How Scale Restructures Reasoning In Large Language Models	EXCLUDE	TIER_3	1	SCALING
audited	tfidf	subcluster	S23	harmonic loss / harmonic / loss	medoid	w_97e9a7de7a56a516	Harmonic Loss Trains Interpretable AI Models	EXCLUDE	TIER_3	0	
audited	tfidf	subcluster	S23	harmonic loss / harmonic / loss	boundary	w_a03de8e37b580793	Rethinking the Harmonic Loss via Non-Euclidean Distance Layers	EXCLUDE	TIER_3	0	
audited	tfidf	subcluster	S23	harmonic loss / harmonic / loss	strongest	w_97e9a7de7a56a516	Harmonic Loss Trains Interpretable AI Models	EXCLUDE	TIER_3	0	
audited	tfidf	subcluster	S24	pre-trained transformers / modularity / pre-trained	medoid	w_18bd4894e38b3c30	Emergent Modularity in Pre-trained Transformers	EXCLUDE	TIER_3	1	SCALING
audited	tfidf	subcluster	S24	pre-trained transformers / modularity / pre-trained	boundary	w_e117d573dbd1bc5f	Unlocking Emergent Modularity in Large Language Models	EXCLUDE	TIER_3	0	
audited	tfidf	subcluster	S24	pre-trained transformers / modularity / pre-trained	strongest	w_18bd4894e38b3c30	Emergent Modularity in Pre-trained Transformers	EXCLUDE	TIER_3	1	SCALING
audited	tfidf	subcluster	S25	emotion / ignition / sparse attention	medoid	w_b0bbf9007eb97544	The semantic landscape paradigm for neural networks	EXCLUDE	TIER_3	0	
audited	tfidf	subcluster	S25	emotion / ignition / sparse attention	boundary	w_8ab30e3889d447fc	Learning Towards Emergence: Paving the Way to Induce Emergence by Inhibiting Monosemantic Neurons on Pre-trained Models	EXCLUDE	TIER_3	1	SCALING
audited	tfidf	subcluster	S25	emotion / ignition / sparse attention	strongest	w_7209270e01aef2a8	Emergent Capabilities Arise Randomly from Learning Sparse Attention Patterns	INCLUDE	TIER_2	2	SCALING,CRITICALITY
audited	semantic	macro	M01	transformers / reasoning transformers / reasoning	medoid	w_943e3e1497c6a620	Transformers Struggle to Use Their Emergent World Models: Revisiting the Tower of Hanoi, and the Illusion of Thinking	EXCLUDE	TIER_3	0	
audited	semantic	macro	M01	transformers / reasoning transformers / reasoning	boundary	w_cb00fb1bab7f3b7f	Emergent Symbolic Mechanisms Support Abstract Reasoning in Large Language Models	INCLUDE	TIER_1	3	COMPRESSION,NOVEL_BASIS,GENERALISATION
audited	semantic	macro	M01	transformers / reasoning transformers / reasoning	strongest	w_7478c4587d99ea18	Unveiling Transformers with LEGO: a synthetic reasoning task	INCLUDE	TIER_2	3	SCALING,NOVEL_BASIS,GENERALISATION
audited	semantic	macro	M02	sparse attention / regular / transformer	medoid	w_de53e52135814667	Modeling Transformers as complex networks to analyze learning dynamics	EXCLUDE	TIER_3	0	
audited	semantic	macro	M02	sparse attention / regular / transformer	boundary	w_702044b6725a459d	On Mesa-Optimization in Autoregressively Trained Transformers: Emergence and Capability	EXCLUDE	TIER_3	1	NOVEL_BASIS
audited	semantic	macro	M02	sparse attention / regular / transformer	strongest	w_f94f564014be4c25	A Mechanistic Analysis of Transformers for Dynamical Systems	INCLUDE	TIER_2	2	SCALING,COMPRESSION
audited	semantic	macro	M03	communication / rlvr / unveiling dynamics	medoid	w_f02966985885da33	Latent State Models of Training Dynamics	EXCLUDE	TIER_3	0	
audited	semantic	macro	M03	communication / rlvr / unveiling dynamics	boundary	w_928be1de7f678ed8	ExPLAIND: Unifying Model, Data, and Training Attribution to Study Model Behavior	EXCLUDE	TIER_3	0	
audited	semantic	macro	M03	communication / rlvr / unveiling dynamics	strongest	w_6d9aedbcf0365751	How Does Unfaithful Reasoning Emerge from Autoregressive Training? A Study of Synthetic Experiments	INCLUDE	TIER_2	2	SCALING,CRITICALITY
audited	semantic	macro	M04	misalignment / persona / misaligned	medoid	w_69468026d902ba92	An Emergent Mirage: Is Emergent Misalignment and Realignment Indeed a Robust Phenomenon?	EXCLUDE	TIER_3	0	
audited	semantic	macro	M04	misalignment / persona / misaligned	boundary	w_78af69834e46633e	Trait-space Monitoring for Emergent Misalignment During Supervised Finetuning	EXCLUDE	TIER_3	0	
audited	semantic	macro	M04	misalignment / persona / misaligned	strongest	w_8e2c23b49bc4d436	Actionable Activation Directions for Detecting and Mitigating Emergent Misalignment Across Language Model Families	EXCLUDE	TIER_3	1	COMPRESSION
audited	semantic	macro	M05	language / large language / conceptual	medoid	w_4ed5458b1772d1f2	The Birth of Knowledge: Emergent Features across Time, Space, and Scale in Large Language Models	EXCLUDE	TIER_3	0	
audited	semantic	macro	M05	language / large language / conceptual	boundary	w_b1b2841abfaf8ef2	Which Attention Heads Matter for In-Context Learning?	INCLUDE	TIER_2	2	SCALING,COMPRESSION
audited	semantic	macro	M05	language / large language / conceptual	strongest	w_a68de8b27948098c	Emergence and Function of Abstract Representations in Self-Supervised Transformers	INCLUDE	TIER_2	2	COMPRESSION,NOVEL_BASIS
audited	semantic	macro	M06	grokking / generalization / grokking neural	medoid	w_9977306cc3994536	Exploring Grokking: Experimental and Mechanistic Investigations	EXCLUDE	TIER_3	0	
audited	semantic	macro	M06	grokking / generalization / grokking neural	boundary	w_500a287f07071ec8	Learning Modular Exponentiation with Transformers	EXCLUDE	TIER_3	0	
audited	semantic	macro	M06	grokking / generalization / grokking neural	strongest	w_f3172e652cebe4b6	Progress Measures for Grokking via Mechanistic Interpretability	INCLUDE	TIER_1	4	SCALING,CRITICALITY,COMPRESSION,NOVEL_BASIS
audited	semantic	macro	M07	harmonic / quantum / harmonic loss	medoid	w_8c5442dfb760aae0	Spectral phase transitions and trainability in neural network learning dynamics	INCLUDE	TIER_2	2	SCALING,CRITICALITY
audited	semantic	macro	M07	harmonic / quantum / harmonic loss	boundary	w_cddfb17d263e3744	Explaining Grokking and Information Bottleneck through Neural Collapse Emergence	INCLUDE	TIER_2	2	SCALING,COMPRESSION
audited	semantic	macro	M07	harmonic / quantum / harmonic loss	strongest	w_25ba5099b834e43a	On the Mechanism and Dynamics of Modular Addition: Fourier Features, Lottery Ticket, and Grokking	INCLUDE	TIER_1	3	SCALING,COMPRESSION,NOVEL_BASIS
audited	semantic	macro	M08	synaptic / spiking / hebbian	medoid	w_ba81662b1200a880	Criticality meets learning: Criticality signatures in a self-organizing recurrent neural network	EXCLUDE	TIER_3	1	SCALING
audited	semantic	macro	M08	synaptic / spiking / hebbian	boundary	w_67833e8bc8bb92f5	Redundant representations help generalization in wide neural networks * , †	INCLUDE	TIER_2	3	SCALING,COMPRESSION,CRITICALITY
audited	semantic	macro	M08	synaptic / spiking / hebbian	strongest	w_67833e8bc8bb92f5	Redundant representations help generalization in wide neural networks * , †	INCLUDE	TIER_2	3	SCALING,COMPRESSION,CRITICALITY
audited	semantic	macro	M09	binding / subcircuits / plateau	medoid	w_0308d55890a5b9c6	On the Emergence of Induction Heads for In-Context Learning	INCLUDE	TIER_2	2	SCALING,CRITICALITY
audited	semantic	macro	M09	binding / subcircuits / plateau	boundary	w_63db75cd5e03c2b8	Bridging Lottery Ticket and Grokking: Understanding Grokking from Inner Structure of Networks	INCLUDE	TIER_1	3	SCALING,CRITICALITY,NOVEL_BASIS
audited	semantic	macro	M09	binding / subcircuits / plateau	strongest	w_8af770f5f86d5ac0	Distinct mechanisms underlying in-context learning in transformers	INCLUDE	TIER_1	3	SCALING,CRITICALITY,NOVEL_BASIS
audited	semantic	macro	M10	localization / spatial / tuning	medoid	w_e1dd76d318faa330	Predictive sequence learning in the hippocampal formation	INCLUDE	TIER_2	3	SCALING,COMPRESSION,NOVEL_BASIS
audited	semantic	macro	M10	localization / spatial / tuning	boundary	w_cfed60f0df988968	Emergent Outlier View Rejection in Visual Geometry Grounded Transformers	EXCLUDE	TIER_3	1	NOVEL_BASIS
audited	semantic	macro	M10	localization / spatial / tuning	strongest	w_e1dd76d318faa330	Predictive sequence learning in the hippocampal formation	INCLUDE	TIER_2	3	SCALING,COMPRESSION,NOVEL_BASIS
audited	semantic	subcluster	S01	relational structure / reasoning / reasoning types	medoid	w_5230ec460b7adaac	Grokked Transformers are Implicit Reasoners: A Mechanistic Journey to the Edge of Generalization	EXCLUDE	TIER_3	1	SCALING
audited	semantic	subcluster	S01	relational structure / reasoning / reasoning types	boundary	w_943e3e1497c6a620	Transformers Struggle to Use Their Emergent World Models: Revisiting the Tower of Hanoi, and the Illusion of Thinking	EXCLUDE	TIER_3	0	
audited	semantic	subcluster	S01	relational structure / reasoning / reasoning types	strongest	w_7478c4587d99ea18	Unveiling Transformers with LEGO: a synthetic reasoning task	INCLUDE	TIER_2	3	SCALING,NOVEL_BASIS,GENERALISATION
audited	semantic	subcluster	S02	solve retrieval / transformers / transformers solve	medoid	w_3a2ad5f9386e827d	Mechanism and Emergence of Stacked Attention Heads in Multi-Layer Transformers	EXCLUDE	TIER_3	1	SCALING
audited	semantic	subcluster	S02	solve retrieval / transformers / transformers solve	boundary	w_b9374a286a73fd88	Layer Specialization Underlying Compositional Reasoning in Transformers	EXCLUDE	TIER_3	0	
audited	semantic	subcluster	S02	solve retrieval / transformers / transformers solve	strongest	w_33b529766cc60dd2	What One Cannot, Two Can: Two-Layer Transformers Provably Represent Induction Heads on Any-Order Markov Chains	INCLUDE	TIER_2	2	COMPRESSION,SCALING
audited	semantic	subcluster	S03	discover phase / autoregressively / transformers	medoid	w_5dad8438d08739da	Exact Learning Dynamics of In-Context Learning in Linear Transformers and Its Application to Non-Linear Transformers	EXCLUDE	TIER_3	0	
audited	semantic	subcluster	S03	discover phase / autoregressively / transformers	boundary	w_702044b6725a459d	On Mesa-Optimization in Autoregressively Trained Transformers: Emergence and Capability	EXCLUDE	TIER_3	1	NOVEL_BASIS
audited	semantic	subcluster	S03	discover phase / autoregressively / transformers	strongest	w_29ea95f17f21c7ac	Transformers for dynamical systems learn transfer operators in-context	INCLUDE	TIER_2	2	NOVEL_BASIS,GENERALISATION
audited	semantic	subcluster	S04	sparse attention / transformer language / critical periods	medoid	w_28c10566bff3c19f	Language Models Grow Less Humanlike beyond Phase Transition	EXCLUDE	TIER_3	1	SCALING
audited	semantic	subcluster	S04	sparse attention / transformer language / critical periods	boundary	w_65f428d0eb05342f	Emergent Depthwise Activation Structure in Transformer Language Models The Hau Curve and Its Early-Training Attractor Pattern	EXCLUDE	TIER_3	0	
audited	semantic	subcluster	S04	sparse attention / transformer language / critical periods	strongest	w_7209270e01aef2a8	Emergent Capabilities Arise Randomly from Learning Sparse Attention Patterns	INCLUDE	TIER_2	2	SCALING,CRITICALITY
audited	semantic	subcluster	S05	rlvr / games / decentralized	medoid	w_6b8b0f146292001a	Emergent World Models and Latent Variable Estimation in Chess-Playing Language Models	EXCLUDE	TIER_3	0	
audited	semantic	subcluster	S05	rlvr / games / decentralized	boundary	w_310671f6b2320a54	Are Your Reasoning Models Reasoning or Guessing? A Mechanistic Analysis of Hierarchical Reasoning Models	EXCLUDE	TIER_3	0	
audited	semantic	subcluster	S05	rlvr / games / decentralized	strongest	w_6d9aedbcf0365751	How Does Unfaithful Reasoning Emerge from Autoregressive Training? A Study of Synthetic Experiments	INCLUDE	TIER_2	2	SCALING,CRITICALITY
audited	semantic	subcluster	S06	discrete / emerge discrete / data attribution	medoid	w_892700b85dd7550d	Uncovering Emergent Physics Representations Learned In-Context by Large Language Models	EXCLUDE	TIER_3	0	
audited	semantic	subcluster	S06	discrete / emerge discrete / data attribution	boundary	w_f02966985885da33	Latent State Models of Training Dynamics	EXCLUDE	TIER_3	0	
audited	semantic	subcluster	S06	discrete / emerge discrete / data attribution	strongest	w_be7a6d5176757697	States Hidden in Hidden States: LLMs Emerge Discrete State Representations Implicitly	EXCLUDE	TIER_3	1	COMPRESSION
audited	semantic	subcluster	S07	misalignment / persona / misaligned	medoid	w_69468026d902ba92	An Emergent Mirage: Is Emergent Misalignment and Realignment Indeed a Robust Phenomenon?	EXCLUDE	TIER_3	0	
audited	semantic	subcluster	S07	misalignment / persona / misaligned	boundary	w_78af69834e46633e	Trait-space Monitoring for Emergent Misalignment During Supervised Finetuning	EXCLUDE	TIER_3	0	
audited	semantic	subcluster	S07	misalignment / persona / misaligned	strongest	w_8e2c23b49bc4d436	Actionable Activation Directions for Detecting and Mitigating Emergent Misalignment Across Language Model Families	EXCLUDE	TIER_3	1	COMPRESSION
audited	semantic	subcluster	S08	demonstrations / icl / encodings	medoid	w_b73fd2a4553849d2	Understanding Contextual Recall in Transformers: How Finetuning Enables In-Context Reasoning over Pretraining Knowledge	EXCLUDE	TIER_3	0	
audited	semantic	subcluster	S08	demonstrations / icl / encodings	boundary	w_b1b2841abfaf8ef2	Which Attention Heads Matter for In-Context Learning?	INCLUDE	TIER_2	2	SCALING,COMPRESSION
audited	semantic	subcluster	S08	demonstrations / icl / encodings	strongest	w_848983c423304f71	Emergence and Effectiveness of Task Vectors in In-Context Learning: An Encoder Decoder Perspective	INCLUDE	TIER_2	2	SCALING,COMPRESSION
audited	semantic	subcluster	S09	pre-trained transformers / modularity / pre-trained	medoid	w_e117d573dbd1bc5f	Unlocking Emergent Modularity in Large Language Models	EXCLUDE	TIER_3	0	
audited	semantic	subcluster	S09	pre-trained transformers / modularity / pre-trained	boundary	w_b7c2381a27c702c4	Emergent Stack Representations in Modeling Counter Languages Using Transformers	EXCLUDE	TIER_3	0	
audited	semantic	subcluster	S09	pre-trained transformers / modularity / pre-trained	strongest	w_18bd4894e38b3c30	Emergent Modularity in Pre-trained Transformers	EXCLUDE	TIER_3	1	SCALING
audited	semantic	subcluster	S10	features key / token / geometry representations	medoid	w_8bf24f4dbe9ac287	Arithmetic with language models: From memorization to computation	EXCLUDE	TIER_3	0	
audited	semantic	subcluster	S10	features key / token / geometry representations	boundary	w_8686cbb9af9f8fa5	Arithmetic Pedagogy for Language Models	EXCLUDE	TIER_3	1	SCALING
audited	semantic	subcluster	S10	features key / token / geometry representations	strongest	w_8686cbb9af9f8fa5	Arithmetic Pedagogy for Language Models	EXCLUDE	TIER_3	1	SCALING
audited	semantic	subcluster	S11	conceptual / logical / nodes	medoid	w_4ed5458b1772d1f2	The Birth of Knowledge: Emergent Features across Time, Space, and Scale in Large Language Models	EXCLUDE	TIER_3	0	
audited	semantic	subcluster	S11	conceptual / logical / nodes	boundary	w_a68de8b27948098c	Emergence and Function of Abstract Representations in Self-Supervised Transformers	INCLUDE	TIER_2	2	COMPRESSION,NOVEL_BASIS
audited	semantic	subcluster	S11	conceptual / logical / nodes	strongest	w_a68de8b27948098c	Emergence and Function of Abstract Representations in Self-Supervised Transformers	INCLUDE	TIER_2	2	COMPRESSION,NOVEL_BASIS
audited	semantic	subcluster	S12	grokking / grokking neural / perfect generalization	medoid	w_9977306cc3994536	Exploring Grokking: Experimental and Mechanistic Investigations	EXCLUDE	TIER_3	0	
audited	semantic	subcluster	S12	grokking / grokking neural / perfect generalization	boundary	w_7ff07b360090f82a	Is Grokking Worthwhile? Functional Analysis and Transferability of Generalization Circuits in Transformers	EXCLUDE	TIER_3	0	
audited	semantic	subcluster	S12	grokking / grokking neural / perfect generalization	strongest	w_9db7d6568bb89686	Grokking as a First Order Phase Transition in Two Layer Networks	INCLUDE	TIER_2	2	SCALING,CRITICALITY
audited	semantic	subcluster	S13	polynomials / modulus / modular polynomials	medoid	w_01e15d37549ba1fc	Latent Algorithmic Structure Precedes Grokking: A Mechanistic Study of ReLU MLPs on Modular Arithmetic	INCLUDE	TIER_2	2	SCALING,NOVEL_BASIS
audited	semantic	subcluster	S13	polynomials / modulus / modular polynomials	boundary	w_d59f0794873b2140	The Geometric Inductive Bias of Grokking: Bypassing Phase Transitions via Architectural Topology	EXCLUDE	TIER_3	1	SCALING
audited	semantic	subcluster	S13	polynomials / modulus / modular polynomials	strongest	w_f3172e652cebe4b6	Progress Measures for Grokking via Mechanistic Interpretability	INCLUDE	TIER_1	4	SCALING,CRITICALITY,COMPRESSION,NOVEL_BASIS
audited	semantic	subcluster	S14	grokking / representation geometry / low-rank	medoid	w_c0722915b2be1f88	How to Tame Grokking: Representation Geometry as a Control Signal	INCLUDE	TIER_1	3	SCALING,COMPRESSION,CRITICALITY
audited	semantic	subcluster	S14	grokking / representation geometry / low-rank	boundary	w_667c790db241c1aa	Intrinsic Task Symmetry Drives Generalization in Algorithmic Tasks	EXCLUDE	TIER_3	1	SCALING
audited	semantic	subcluster	S14	grokking / representation geometry / low-rank	strongest	w_c0722915b2be1f88	How to Tame Grokking: Representation Geometry as a Control Signal	INCLUDE	TIER_1	3	SCALING,COMPRESSION,CRITICALITY
audited	semantic	subcluster	S15	quantum / quantum neural / parameterized	medoid	w_35bf58ca4093d76e	Grokking and epoch-wise double descent in quantum neural networks	INCLUDE	TIER_2	3	SCALING,COMPRESSION,CRITICALITY
audited	semantic	subcluster	S15	quantum / quantum neural / parameterized	boundary	w_35bf58ca4093d76e	Grokking and epoch-wise double descent in quantum neural networks	INCLUDE	TIER_2	3	SCALING,COMPRESSION,CRITICALITY
audited	semantic	subcluster	S15	quantum / quantum neural / parameterized	strongest	w_35bf58ca4093d76e	Grokking and epoch-wise double descent in quantum neural networks	INCLUDE	TIER_2	3	SCALING,COMPRESSION,CRITICALITY
audited	semantic	subcluster	S16	harmonic loss / harmonic / loss	medoid	w_97e9a7de7a56a516	Harmonic Loss Trains Interpretable AI Models	EXCLUDE	TIER_3	0	
audited	semantic	subcluster	S16	harmonic loss / harmonic / loss	boundary	w_a03de8e37b580793	Rethinking the Harmonic Loss via Non-Euclidean Distance Layers	EXCLUDE	TIER_3	0	
audited	semantic	subcluster	S16	harmonic loss / harmonic / loss	strongest	w_97e9a7de7a56a516	Harmonic Loss Trains Interpretable AI Models	EXCLUDE	TIER_3	0	
audited	semantic	subcluster	S17	hessian / trainability / neural collapse	medoid	w_cddfb17d263e3744	Explaining Grokking and Information Bottleneck through Neural Collapse Emergence	INCLUDE	TIER_2	2	SCALING,COMPRESSION
audited	semantic	subcluster	S17	hessian / trainability / neural collapse	boundary	w_25ba5099b834e43a	On the Mechanism and Dynamics of Modular Addition: Fourier Features, Lottery Ticket, and Grokking	INCLUDE	TIER_1	3	SCALING,COMPRESSION,NOVEL_BASIS
audited	semantic	subcluster	S17	hessian / trainability / neural collapse	strongest	w_811a8cd021958e82	Deep Networks Always Grok and Here is Why	INCLUDE	TIER_2	3	SCALING,CRITICALITY,NOVEL_BASIS
audited	semantic	subcluster	S18	artificial agents / plumes / virtual	medoid	w_4dbf08f598cd567b	Emergent behavior and neural dynamics in artificial agents tracking turbulent plumes	EXCLUDE	TIER_3	0	
audited	semantic	subcluster	S18	artificial agents / plumes / virtual	boundary	w_4dbf08f598cd567b	Emergent behavior and neural dynamics in artificial agents tracking turbulent plumes	EXCLUDE	TIER_3	0	
audited	semantic	subcluster	S18	artificial agents / plumes / virtual	strongest	w_4dbf08f598cd567b	Emergent behavior and neural dynamics in artificial agents tracking turbulent plumes	EXCLUDE	TIER_3	0	
audited	semantic	subcluster	S19	deep neural / detectors / emerge deep	medoid	w_89fd2479381ba2a1	Semantic representations emerge in biologically inspired ensembles of cross-supervising neural networks	EXCLUDE	TIER_3	1	COMPRESSION
audited	semantic	subcluster	S19	deep neural / detectors / emerge deep	boundary	w_89fd2479381ba2a1	Semantic representations emerge in biologically inspired ensembles of cross-supervising neural networks	EXCLUDE	TIER_3	1	COMPRESSION
audited	semantic	subcluster	S19	deep neural / detectors / emerge deep	strongest	w_89fd2479381ba2a1	Semantic representations emerge in biologically inspired ensembles of cross-supervising neural networks	EXCLUDE	TIER_3	1	COMPRESSION
audited	semantic	subcluster	S20	recurrent / hebbian / recurrent neural	medoid	w_27f0a0911b68ee3a	Gradient-based learning drives robust representations in recurrent neural networks by balancing compression and expansion	INCLUDE	TIER_2	2	SCALING,COMPRESSION
audited	semantic	subcluster	S20	recurrent / hebbian / recurrent neural	boundary	w_67833e8bc8bb92f5	Redundant representations help generalization in wide neural networks * , †	INCLUDE	TIER_2	3	SCALING,COMPRESSION,CRITICALITY
audited	semantic	subcluster	S20	recurrent / hebbian / recurrent neural	strongest	w_67833e8bc8bb92f5	Redundant representations help generalization in wide neural networks * , †	INCLUDE	TIER_2	3	SCALING,COMPRESSION,CRITICALITY
audited	semantic	subcluster	S21	spiking / neuronal / spiking neural	medoid	w_6fc4c4ab9c9916f7	Hysteresis, neural avalanches, and critical behavior near a first-order transition of a spiking neural network	INCLUDE	TIER_2	2	SCALING,CRITICALITY
audited	semantic	subcluster	S21	spiking / neuronal / spiking neural	boundary	w_b0c3a03ae75a81b6	Different timescales of neural activities introduce different representations of task-relevant information	EXCLUDE	TIER_3	0	
audited	semantic	subcluster	S21	spiking / neuronal / spiking neural	strongest	w_6fc4c4ab9c9916f7	Hysteresis, neural avalanches, and critical behavior near a first-order transition of a spiking neural network	INCLUDE	TIER_2	2	SCALING,CRITICALITY
audited	semantic	subcluster	S22	transition delayed / lottery-ticket / tickets	medoid	w_2b77293cdef4c93f	Grokking as Structural Inference: Transformers Need Bayesian Lottery Tickets	INCLUDE	TIER_2	2	SCALING,NOVEL_BASIS
audited	semantic	subcluster	S22	transition delayed / lottery-ticket / tickets	boundary	w_7ced2a0538a6bf26	A Bayesian Perspective on the Role of Epistemic Uncertainty for Delayed Generalization in In-Context Learning	EXCLUDE	TIER_3	0	
audited	semantic	subcluster	S22	transition delayed / lottery-ticket / tickets	strongest	w_63db75cd5e03c2b8	Bridging Lottery Ticket and Grokking: Understanding Grokking from Inner Structure of Networks	INCLUDE	TIER_1	3	SCALING,CRITICALITY,NOVEL_BASIS
audited	semantic	subcluster	S23	binding / subcircuits / attention-head	medoid	w_0308d55890a5b9c6	On the Emergence of Induction Heads for In-Context Learning	INCLUDE	TIER_2	2	SCALING,CRITICALITY
audited	semantic	subcluster	S23	binding / subcircuits / attention-head	boundary	w_3649951b25d89fe3	Plasticity and language in the anaesthetized human hippocampus	EXCLUDE	TIER_3	1	SCALING
audited	semantic	subcluster	S23	binding / subcircuits / attention-head	strongest	w_8af770f5f86d5ac0	Distinct mechanisms underlying in-context learning in transformers	INCLUDE	TIER_1	3	SCALING,CRITICALITY,NOVEL_BASIS
audited	semantic	subcluster	S24	representations predictive / observations representation / visual	medoid	w_0c85822618800428	Predictive learning as a network mechanism for extracting low-dimensional latent space representations	INCLUDE	TIER_1	3	SCALING,COMPRESSION,NOVEL_BASIS
audited	semantic	subcluster	S24	representations predictive / observations representation / visual	boundary	w_a6ec62ef7863cd72	Emergence of Foveal Image Sampling from Learning to Attend in Visual Scenes	INCLUDE	TIER_2	2	COMPRESSION,NOVEL_BASIS
audited	semantic	subcluster	S24	representations predictive / observations representation / visual	strongest	w_0c85822618800428	Predictive learning as a network mechanism for extracting low-dimensional latent space representations	INCLUDE	TIER_1	3	SCALING,COMPRESSION,NOVEL_BASIS
audited	semantic	subcluster	S25	localization / tuning / spatial	medoid	w_e1dd76d318faa330	Predictive sequence learning in the hippocampal formation	INCLUDE	TIER_2	3	SCALING,COMPRESSION,NOVEL_BASIS
audited	semantic	subcluster	S25	localization / tuning / spatial	boundary	w_ab07437d78318352	Emergence of functional and structural properties of the head direction system by optimization of recurrent neural networks	INCLUDE	TIER_2	2	SCALING,NOVEL_BASIS
audited	semantic	subcluster	S25	localization / tuning / spatial	strongest	w_e1dd76d318faa330	Predictive sequence learning in the hippocampal formation	INCLUDE	TIER_2	3	SCALING,COMPRESSION,NOVEL_BASIS
